     INSERT   INTO "state" (id, code, name) VALUES
        (1, 'BAYELSA', 'BAYELSA'),
        (2, 'RIVERS', 'RIVERS'),
        (3, 'IMO', 'IMO'),
        (4, 'ABIA', 'ABIA'),
        (5, 'AKWA IBOM', 'AKWA IBOM'),
        (6, 'ANAMBRA', 'ANAMBRA'),
        (7, 'EBONYI', 'EBONYI'),
        (8, 'ENUGU', 'ENUGU'),
        (9, 'DELTA', 'DELTA'),
        (10, 'CROSS RIVER', 'CROSS RIVER'),
        (11, 'EDO', 'EDO'),
        (12, 'EKITI', 'EKITI'),
        (13, 'ONDO', 'ONDO'),
        (14, 'OSHUN', 'OSUN'),
        (15, 'LAGOS', 'LAGOS'),
        (16, 'OGUN', 'OGUN'),
        (17, 'OYO', 'OYO'),
        (18, 'BENUE', 'BENUE'),
        (19, 'KOGI', 'KOGI'),
        (20, 'FCT', 'FCT - ABUJA'),
        (21, 'KWARA', 'KWARA'),
        (22, 'NIGER', 'NIGER'),
        (23, 'NASARAWA', 'NASARAWA'),
        (24, 'TARABA', 'TARABA'),
        (25, 'PLATEAU', 'PLATEAU'),
        (26, 'GOMBE', 'GOMBE'),
        (27, 'ADAMAWA', 'ADAMAWA'),
        (28, 'KADUNA', 'KADUNA'),
        (29, 'BORONO', 'BORNO'),
        (30, 'BAUCHI', 'BAUCHI'),
        (31, 'KANO', 'KANO'),
        (32, 'JIGAWA', 'JIGAWA'),
        (33, 'YOBE', 'YOBE'),
        (34, 'KATSINA', 'KATSINA'),
        (35, 'KEBBI', 'KEBBI'),
        (36, 'SOKOTO', 'SOKOTO'),
        (37, 'ZAMFARA', 'ZAMFARA'),
        (38, 'OTHERS', 'OTHERS')
ON CONFLICT DO NOTHING;



        INSERT   INTO "lga" (id, name, state_id) VALUES
        (1, 'Aba North', 4),
        (2, 'Aba South', 4),
        (3, 'Arochukwu', 4),
        (4, 'Bende', 4),
        (5, 'Ikwuano', 4),
        (6, 'Isiala Ngwa North', 4),
        (7, 'Isiala Ngwa South', 4),
        (8, 'Isuikwuato', 4),
        (9, 'Obi Ngwa', 4),
        (10, 'Ohafia', 4),
        (11, 'Osisioma', 4),
        (12, 'Ugwunagbo', 4),
        (13, 'Ukwa East', 4),
        (14, 'Ukwa West', 4),
        (15, 'Umuahia North', 4),
        (16, 'muahia South', 4),
        (17, 'Umu Nneochi', 4),
        (18, 'Demsa', 27),
        (19, 'Fufure', 27),
        (20, 'Ganye', 27),
        (21, 'Gayuk', 27),
        (22, 'Gombi', 27),
        (23, 'Grie', 27),
        (24, 'Hong', 27),
        (25, 'Jada', 27),
        (26, 'Larmurde', 27),
        (27, 'Madagali', 27),
        (28, 'Maiha', 27),
        (29, 'Mayo Belwa', 27),
        (30, 'Michika', 27),
        (31, 'Mubi North', 27),
        (32, 'Mubi South', 27),
        (33, 'Numan', 27),
        (34, 'Shelleng', 27),
        (35, 'Song', 27),
        (36, 'Toungo', 27),
        (37, 'Yola North', 27),
        (38, 'Yola South', 27),
        (39, 'Abak', 5),
        (40, 'Eastern Obolo', 5),
        (41, 'Eket', 5),
        (42, 'Esit Eket', 5),
        (43, 'Essien Udim', 5),
        (44, 'Etim Ekpo', 5),
        (45, 'Etinan', 5),
        (46, 'Ibeno', 5),
        (47, 'Ibesikpo Asutan', 5),
        (48, 'Ibiono-Ibom', 5),
        (49, 'Ika', 5),
        (50, 'Ikono', 5),
        (51, 'Ikot Abasi', 5),
        (52, 'Ikot Ekpene', 5),
        (53, 'Ini', 5),
        (54, 'Itu', 5),
        (55, 'Mbo', 5),
        (56, 'Mkpat-Enin', 5),
        (57, 'Nsit-Atai', 5),
        (58, 'Nsit-Ibom', 5),
        (59, 'Nsit-Ubium', 5),
        (60, 'Obot Akara', 5),
        (61, 'Okobo', 5),
        (62, 'Onna', 5),
        (63, 'Oron', 5),
        (64, 'Oruk Anam', 5),
        (65, 'Udung-Uko', 5),
        (66, 'Ukanafun', 5),
        (67, 'Uruan', 5),
        (68, 'Urue-Offong Oruko', 5),
        (69, 'Uyo', 5),
        (70, 'Aguata', 6),
        (71, 'Anambra East', 6),
        (72, 'Anambra West', 6),
        (73, 'Anaocha', 6),
        (74, 'Awka North', 6),
        (75, 'Awka South', 6),
        (76, 'Ayamelum', 6),
        (77, 'Dunukofia', 6),
        (78, 'Ekwusigo', 6),
        (79, 'Idemili North', 6),
        (80, 'Idemili South', 6),
        (81, 'Ihiala', 6),
        (82, 'Njikoka', 6),
        (83, 'Nnewi North', 6),
        (84, 'Nnewi South', 6),
        (85, 'Ogbaru', 6),
        (86, 'Onitsha North', 6),
        (87, 'Onitsha South', 6),
        (88, 'Orumba North', 6),
        (89, 'Orumba South', 6),
        (90, 'Oyi', 6),
        (91, 'Aguata', 6),
        (92, 'Anambra East', 6),
        (93, 'Anambra West', 6),
        (94, 'Anaocha', 6),
        (95, 'Awka North', 6),
        (96, 'Awka South', 6),
        (97, 'Ayamelum', 6),
        (98, 'Dunukofia', 6),
        (99, 'Ekwusigo', 6),
        (100, 'Idemili North', 6),
        (101, 'Idemili South', 6),
        (102, 'Ihiala', 6),
        (103, 'Njikoka', 6),
        (104, 'Nnewi North', 6),
        (105, 'Nnewi South', 6),
        (106, 'Ogbaru', 6),
        (107, 'Onitsha North', 6),
        (108, 'Onitsha South', 6),
        (109, 'Orumba North', 6),
        (110, 'Orumba South', 6),
        (111, 'Oyi', 6),
        (112, 'Alkaleri', 30),
        (113, 'Bauchi', 30),
        (114, 'Bogoro', 30),
        (115, 'Damban', 30),
        (116, 'Darazo', 30),
        (117, 'Dass', 30),
        (118, 'Gamawa', 30),
        (119, 'Ganjuwa', 30),
        (120, 'Giade', 30),
        (121, 'Itas-Gadau', 30),
        (122, 'Jama are', 30),
        (123, 'Katagum', 30),
        (124, 'Kirfi', 30),
        (125, 'Misau', 30),
        (126, 'Ningi', 30),
        (127, 'Shira', 30),
        (128, 'Tafawa Balewa', 30),
        (129, ' Toro', 30),
        (130, ' Warji', 30),
        (131, ' Zaki', 30),
        (132, 'Brass', 1),
        (133, 'Ekeremor', 1),
        (134, 'Kolokuma Opokuma', 1),
        (135, 'Nembe', 1),
        (136, 'Ogbia', 1),
        (137, 'Sagbama', 1),
        (138, 'Southern Ijaw', 1),
        (139, 'Yenagoa', 1),
        (140, 'Agatu', 18),
        (141, 'Apa', 18),
        (142, 'Ado', 18),
        (143, 'Buruku', 18),
        (144, 'Gboko', 18),
        (145, 'Guma', 18),
        (146, 'Gwer East', 18),
        (147, 'Gwer West', 18),
        (148, 'Katsina-Ala', 18),
        (149, 'Konshisha', 18),
        (150, 'Kwande', 18),
        (151, 'Logo', 18),
        (152, 'Makurdi', 18),
        (153, 'Obi', 18),
        (154, 'Ogbadibo', 18),
        (155, 'Ohimini', 18),
        (156, 'Oju', 18),
        (157, 'Okpokwu', 18),
        (158, 'Oturkpo', 18),
        (159, 'Tarka', 18),
        (160, 'Ukum', 18),
        (161, 'Ushongo', 18),
        (162, 'Vandeikya', 18),
        (163, 'Abadam', 29),
        (164, 'Askira-Uba', 29),
        (165, 'Bama', 29),
        (166, 'Bayo', 29),
        (167, 'Biu', 29),
        (168, 'Chibok', 29),
        (169, 'Damboa', 29),
        (170, 'Dikwa', 29),
        (171, 'Gubio', 29),
        (172, 'Guzamala', 29),
        (173, 'Gwoza', 29),
        (174, 'Hawul', 29),
        (175, 'Jere', 29),
        (176, 'Kaga', 29),
        (177, 'Kala-Balge', 29),
        (178, 'Konduga', 29),
        (179, 'Kukawa', 29),
        (180, 'Kwaya Kusar', 29),
        (181, 'Mafa', 29),
        (182, 'Magumeri', 29),
        (183, 'Maiduguri', 29),
        (184, 'Marte', 29),
        (185, 'Mobbar', 29),
        (186, 'Monguno', 29),
        (187, 'Ngala', 29),
        (188, 'Nganzai', 29),
        (189, 'Shani', 29),
        (190, 'Abi', 10),
        (191, 'Akamkpa', 10),
        (192, 'Akpabuyo', 10),
        (193, 'Bakassi', 10),
        (194, 'Bekwarra', 10),
        (195, 'Biase', 10),
        (196, 'Boki', 10),
        (197, 'Calabar Municipal', 10),
        (198, 'Calabar South', 10),
        (199, 'Etung', 10),
        (200, 'Ikom', 10),
        (201, 'Obanliku', 10),
        (202, 'Obubra', 10),
        (203, 'Obudu', 10),
        (204, 'Odukpani', 10),
        (205, 'Ogoja', 10),
        (206, 'Yakuur', 10),
        (207, 'Yala', 10),
        (208, 'Aniocha North', 9),
        (209, 'Aniocha South', 9),
        (210, 'Bomadi', 9),
        (211, 'Burutu', 9),
        (212, 'Ethiope East', 9),
        (213, 'Ethiope West', 9),
        (214, 'Ika North East', 9),
        (215, 'Ika South', 9),
        (216, 'Isoko North', 9),
        (217, 'Isoko South', 9),
        (218, 'Ndokwa East', 9),
        (219, 'Ndokwa West', 9),
        (220, 'Okpe', 9),
        (221, 'Oshimili North', 9),
        (222, 'Oshimili South', 9),
        (223, 'Patani', 9),
        (224, 'Sapele', 9),
        (225, 'Udu', 9),
        (226, 'Ughelli North', 9),
        (227, 'Ughelli South', 9),
        (228, 'Ukwuani', 9),
        (229, 'Uvwie', 9),
        (230, 'Warri North', 9),
        (231, 'Warri South', 9),
        (232, 'Warri South West', 9),
        (233, 'Abakaliki', 7),
        (234, 'Afikpo North', 7),
        (235, 'Afikpo South', 7),
        (236, 'Ebonyi', 7),
        (237, 'Ezza North', 7),
        (238, 'Ezza South', 7),
        (239, 'Ikwo', 7),
        (240, 'Ishielu', 7),
        (241, 'Ivo', 7),
        (242, 'Izzi', 7),
        (243, 'Ohaozara', 7),
        (244, 'Ohaukwu', 7),
        (245, 'Onicha', 7),
        (246, 'Akoko-Edo', 11),
        (247, 'Egor', 11),
        (248, 'Esan Central', 11),
        (249, 'Esan North-East', 11),
        (250, 'Esan South-East', 11),
        (251, 'Esan West', 11),
        (252, 'Etsako Central', 11),
        (253, 'Etsako East', 11),
        (254, 'Etsako West', 11),
        (255, 'Igueben', 11),
        (256, 'Ikpoba Okha', 11),
        (257, 'Orhionmwon', 11),
        (258, 'Oredo', 11),
        (259, 'Ovia North-East', 11),
        (260, 'Ovia South-West', 11),
        (261, 'Owan East', 11),
        (262, 'Owan West', 11),
        (263, 'Uhunmwonde', 11),
        (264, 'Ado Ekiti', 12),
        (265, 'Efon', 12),
        (266, 'Ekiti East', 12),
        (267, 'Ekiti South-West', 12),
        (268, 'Ekiti West', 12),
        (269, 'Emure', 12),
        (270, 'Gbonyin', 12),
        (271, 'Ido Osi', 12),
        (272, 'Ijero', 12),
        (273, 'Ikere', 12),
        (274, 'Ikole', 12),
        (275, 'Ilejemeje', 12),
        (276, 'Irepodun-Ifelodun', 12),
        (277, 'Ise-Orun', 12),
        (278, 'Moba', 12),
        (279, 'Oye', 12),
        (280, 'Port Harcourt', 2),
        (281, 'Obio-Akpor', 2),
        (282, 'Okrika', 2),
        (283, 'Ogu–Bolo', 2),
        (284, 'Eleme', 2),
        (285, 'Tai', 2),
        (286, 'Gokana', 2),
        (287, 'Khana', 2),
        (288, 'Oyigbo', 2),
        (289, 'Opobo–Nkoro', 2),
        (290, 'Andoni', 2),
        (291, 'Bonny', 2),
        (292, 'Degema', 2),
        (293, 'Asari-Toru', 2),
        (294, 'Akuku-Toru', 2),
        (295, 'Abua–Odual', 2),
        (296, 'Ahoada West', 2),
        (297, 'Ahoada East', 2),
        (298, 'Ogba–Egbema–Ndoni', 2),
        (299, 'Emohua', 2),
        (300, 'Ikwerre', 2),
        (301, 'Etche', 2),
        (302, 'Omuma', 2),
        (303, 'Aninri', 8),
        (304, 'Awgu', 8),
        (305, 'Enugu East', 8),
        (306, 'Enugu North', 8),
        (307, 'Enugu South', 8),
        (308, 'Ezeagu', 8),
        (309, 'Igbo Etiti', 8),
        (310, 'Igbo Eze North', 8),
        (311, 'Igbo Eze South', 8),
        (312, 'Isi Uzo', 8),
        (313, 'Nkanu East', 8),
        (314, 'Nkanu West', 8),
        (315, 'Nsukka', 8),
        (316, 'Oji River', 8),
        (317, 'Udenu', 8),
        (318, 'Udi', 8),
        (319, 'Uzo Uwani', 8),
        (320, 'Abaji', 20),
        (321, 'Bwari', 20),
        (322, 'Gwagwalada', 20),
        (323, 'Kuje', 20),
        (324, 'Kwali', 20),
        (325, 'Municipal Area Council', 20),
        (326, 'Akko', 26),
        (327, 'Balanga', 26),
        (328, 'Billiri', 26),
        (329, 'Dukku', 26),
        (330, 'Funakaye', 26),
        (331, 'Gombe', 26),
        (332, 'Kaltungo', 26),
        (333, 'Kwami', 26),
        (334, 'Nafada', 26),
        (335, 'Shongom', 26),
        (336, 'Yamaltu-Deba', 26),
        (337, 'Aboh Mbaise', 3),
        (338, 'Ahiazu Mbaise', 3),
        (339, 'Ehime Mbano', 3),
        (340, 'Ezinihitte', 3),
        (341, 'Ideato North', 3),
        (342, 'Ideato South', 3),
        (343, 'Ihitte-Uboma', 3),
        (344, 'Ikeduru', 3),
        (345, 'Isiala Mbano', 3),
        (346, 'Isu', 3),
        (347, 'Mbaitoli', 3),
        (348, 'Ngor Okpala', 3),
        (349, 'Njaba', 3),
        (350, 'Nkwerre', 3),
        (351, 'Nwangele', 3),
        (352, 'Obowo', 3),
        (353, 'Oguta', 3),
        (354, 'Ohaji-Egbema', 3),
        (355, 'Okigwe', 3),
        (356, 'Orlu', 3),
        (357, 'Orsu', 3),
        (358, 'Oru East', 3),
        (359, 'Oru West', 3),
        (360, 'Owerri Municipal', 3),
        (361, 'Owerri North', 3),
        (362, 'Owerri West', 3),
        (363, 'Unuimo', 3),
        (364, 'Auyo', 32),
        (365, 'Babura', 32),
        (366, 'Biriniwa', 32),
        (367, 'Birnin Kudu', 32),
        (368, 'Buji', 32),
        (369, 'Dutse', 32),
        (370, 'Gagarawa', 32),
        (371, 'Garki', 32),
        (372, 'Gumel', 32),
        (373, 'Guri', 32),
        (374, 'Gwaram', 32),
        (375, 'Gwiwa', 32),
        (376, 'Hadejia', 32),
        (377, 'Jahun', 32),
        (378, 'Kafin Hausa', 32),
        (379, 'Kazaure', 32),
        (380, 'Kiri Kasama', 32),
        (381, 'Kiyawa', 32),
        (382, 'Kaugama', 32),
        (383, 'Maigatari', 32),
        (384, 'Malam Madori', 32),
        (385, 'Miga', 32),
        (386, 'Ringim', 32),
        (387, 'Roni', 32),
        (388, 'Sule Tankarkar', 32),
        (389, 'Taura', 32),
        (390, 'Yankwashi', 32),
        (391, 'Birnin Gwari', 28),
        (392, 'Chikun', 28),
        (393, 'Giwa', 28),
        (394, 'Igabi', 28),
        (395, 'Ikara', 28),
        (396, 'Jaba', 28),
        (397, 'Jema a', 28),
        (398, 'Kachia', 28),
        (399, 'Kaduna North', 28),
        (400, 'Kaduna South', 28),
        (401, 'Kagarko', 28),
        (402, 'Kajuru', 28),
        (403, 'Kaura', 28),
        (404, 'Kauru', 28),
        (405, 'Kubau', 28),
        (406, 'Kudan', 28),
        (407, 'Lere', 28),
        (408, 'Makarfi', 28),
        (409, 'Sabon Gari', 28),
        (410, 'Sanga', 28),
        (411, 'Soba', 28),
        (412, 'Zangon Kataf', 28),
        (413, 'Zaria', 28),
        (414, 'Ajingi', 31),
        (415, 'Albasu', 31),
        (416, 'Bagwai', 31),
        (417, 'Bebeji', 31),
        (418, 'Bichi', 31),
        (419, 'Bunkure', 31),
        (420, 'Dala', 31),
        (421, 'Dambatta', 31),
        (422, 'Dawakin Kudu', 31),
        (423, 'Dawakin Tofa', 31),
        (424, 'Doguwa', 31),
        (425, 'Fagge', 31),
        (426, 'Gabasawa', 31),
        (427, 'Garko', 31),
        (428, 'Garun Mallam', 31),
        (429, 'Gaya', 31),
        (430, 'Gezawa', 31),
        (431, 'Gwale', 31),
        (432, 'Gwarzo', 31),
        (433, 'Kabo', 31),
        (434, 'Kano Municipal', 31),
        (435, 'Karaye', 31),
        (436, 'Kibiya', 31),
        (437, 'Kiru', 31),
        (438, 'Kumbotso', 31),
        (439, 'Kunchi', 31),
        (440, 'Kura', 31),
        (441, 'Madobi', 31),
        (442, 'Makoda', 31),
        (443, 'Minjibir', 31),
        (444, 'Nasarawa', 31),
        (445, 'Rano', 31),
        (446, 'Rimin Gado', 31),
        (447, 'Rogo', 31),
        (448, 'Shanono', 31),
        (449, 'Sumaila', 31),
        (450, 'Takai', 31),
        (451, 'Tarauni', 31),
        (452, 'Tofa', 31),
        (453, 'Tsanyawa', 31),
        (454, 'Tudun Wada', 31),
        (455, 'Ungogo', 31),
        (456, 'Warawa', 31),
        (457, 'Wudil', 31),
        (458, 'Bakori', 34),
        (459, 'Batagarawa', 34),
        (460, 'Batsari', 34),
        (461, 'Baure', 34),
        (462, 'Bindawa', 34),
        (463, 'Charanchi', 34),
        (464, 'Dandume', 34),
        (465, 'Danja', 34),
        (466, 'Dan Musa', 34),
        (467, 'Daura', 34),
        (468, 'Dutsi', 34),
        (469, 'Dutsin Ma', 34),
        (470, 'Faskari', 34),
        (471, 'Funtua', 34),
        (472, 'Ingawa', 34),
        (473, 'Jibia', 34),
        (474, 'Kafur', 34),
        (475, 'Kaita', 34),
        (476, 'Kankara', 34),
        (477, 'Kankia', 34),
        (478, 'Katsina', 34),
        (479, 'Kurfi', 34),
        (480, 'Kusada', 34),
        (481, 'Mai Adua', 34),
        (482, 'Malumfashi', 34),
        (483, 'Mani', 34),
        (484, 'Mashi', 34),
        (485, 'Matazu', 34),
        (486, 'Musawa', 34),
        (487, 'Rimi', 34),
        (488, 'Sabuwa', 34),
        (489, 'Safana', 34),
        (490, 'Sandamu', 34),
        (491, 'Zango', 34),
        (492, 'Aleiro', 35),
        (493, 'Arewa Dandi', 35),
        (494, 'Argungu', 35),
        (495, 'Augie', 35),
        (496, 'Bagudo', 35),
        (497, 'Birnin Kebbi', 35),
        (498, 'Bunza', 35),
        (499, 'Dandi', 35),
        (500, 'Fakai', 35),
        (501, 'Gwandu', 35),
        (502, 'Jega', 35),
        (503, 'Kalgo', 35),
        (504, 'Koko Besse', 35),
        (505, 'Maiyama', 35),
        (506, 'Ngaski', 35),
        (507, 'Sakaba', 35),
        (508, 'Shanga', 35),
        (509, 'Suru', 35),
        (510, 'Wasagu Danko', 35),
        (511, 'Yauri', 35),
        (512, 'Zuru', 35),
        (513, 'Adavi', 19),
        (514, 'Ajaokuta', 19),
        (515, 'Ankpa', 19),
        (516, 'Bassa', 19),
        (517, 'Dekina', 19),
        (518, 'Ibaji', 19),
        (519, 'Idah', 19),
        (520, 'Igalamela Odolu', 19),
        (521, 'Ijumu', 19),
        (522, 'Kabba Bunu', 19),
        (523, 'Kogi', 19),
        (524, 'Lokoja', 19),
        (525, 'Mopa Muro', 19),
        (526, 'Ofu', 19),
        (527, 'Ogori Magongo', 19),
        (528, 'Okehi', 19),
        (529, 'Okene', 19),
        (530, 'Olamaboro', 19),
        (531, 'Omala', 19),
        (532, 'Yagba East', 19),
        (533, 'Yagba West', 19),
        (534, 'Asa', 21),
        (535, 'Baruten', 21),
        (536, 'Edu', 21),
        (537, 'Ekiti', 21),
        (538, 'Ifelodun', 21),
        (539, 'Ilorin East', 21),
        (540, 'Ilorin South', 21),
        (541, 'Ilorin West', 21),
        (542, 'Irepodun', 21),
        (543, 'Isin', 21),
        (544, 'Kaiama', 21),
        (545, 'Moro', 21),
        (546, 'Offa', 21),
        (547, 'Oke Ero', 21),
        (548, 'Oyun', 21),
        (549, 'Pategi', 21),
        (550, 'Agege', 15),
        (551, 'Ajeromi-Ifelodun', 15),
        (552, 'Alimosho', 15),
        (553, 'Amuwo-Odofin', 15),
        (554, 'Apapa', 15),
        (555, 'Badagry', 15),
        (556, 'Epe', 15),
        (557, 'Eti Osa', 15),
        (558, 'Ibeju-Lekki', 15),
        (559, 'Ifako-Ijaiye', 15),
        (560, 'Ikeja', 15),
        (561, 'Ikorodu', 15),
        (562, 'Kosofe', 15),
        (563, 'Lagos Island', 15),
        (564, 'Lagos Mainland', 15),
        (565, 'Mushin', 15),
        (566, 'Ojo', 15),
        (567, 'Oshodi-Isolo', 15),
        (568, 'Shomolu', 15),
        (569, 'Surulere', 15),
        (570, 'Akwanga', 23),
        (571, 'Awe', 23),
        (572, 'Doma', 23),
        (573, 'Karu', 23),
        (574, 'Keana', 23),
        (575, 'Keffi', 23),
        (576, 'Kokona', 23),
        (577, 'Lafia', 23),
        (578, 'Nasarawa', 23),
        (579, 'Nasarawa Egon', 23),
        (580, 'Obi', 23),
        (581, 'Toto', 23),
        (582, 'Wamba', 23),
        (583, 'Agaie', 22),
        (584, 'Agwara', 22),
        (585, 'Bida', 22),
        (586, 'Borgu', 22),
        (587, 'Bosso', 22),
        (588, 'Chanchaga', 22),
        (589, 'Edati', 22),
        (590, 'Gbako', 22),
        (591, 'Gurara', 22),
        (592, 'Katcha', 22),
        (593, 'Kontagora', 22),
        (594, 'Lapai', 22),
        (595, 'Lavun', 22),
        (596, 'Magama', 22),
        (597, 'Mariga', 22),
        (598, 'Mashegu', 22),
        (599, 'Mokwa', 22),
        (600, 'Moya', 22),
        (601, 'Paikoro', 22),
        (602, 'Rafi', 22),
        (603, 'Rijau', 22),
        (604, 'Shiroro', 22),
        (605, 'Suleja', 22),
        (606, 'Tafa', 22),
        (607, 'Wushishi', 22),
        (608, 'Abeokuta North', 16),
        (609, 'Abeokuta South', 16),
        (610, 'Ado-Odo Ota', 16),
        (611, 'Egbado North', 16),
        (612, 'Egbado South', 16),
        (613, 'Ewekoro', 16),
        (614, 'Ifo', 16),
        (615, 'Ijebu East', 16),
        (616, 'Ijebu North', 16),
        (617, 'Ijebu North East', 16),
        (618, 'Ijebu Ode', 16),
        (619, 'Ikenne', 16),
        (620, 'Imeko Afon', 16),
        (621, 'Ipokia', 16),
        (622, 'Obafemi Owode', 16),
        (623, 'Odeda', 16),
        (624, 'Odogbolu', 16),
        (625, 'Ogun Waterside', 16),
        (626, 'Remo North', 16),
        (627, 'Shagamu', 16),
        (628, 'Akoko North-East', 13),
        (629, 'Akoko North-West', 13),
        (630, 'Akoko South-West', 13),
        (631, 'Akoko South-East', 13),
        (632, 'Akure North', 13),
        (633, 'Akure South', 13),
        (634, 'Ese Odo', 13),
        (635, 'Idanre', 13),
        (636, 'Ifedore', 13),
        (637, 'Ilaje', 13),
        (638, 'Ile Oluji-Okeigbo', 13),
        (639, 'Irele', 13),
        (640, 'Odigbo', 13),
        (641, 'Okitipupa', 13),
        (642, 'Ondo East', 13),
        (643, 'Ondo West', 13),
        (644, 'Ose', 13),
        (645, 'Owo', 13),
        (646, 'Atakunmosa East', 14),
        (647, 'Atakunmosa West', 14),
        (648, 'Aiyedaade', 14),
        (649, 'Aiyedire', 14),
        (650, 'Boluwaduro', 14),
        (651, 'Boripe', 14),
        (652, 'Ede North', 14),
        (653, 'Ede South', 14),
        (654, 'Ife Central', 14),
        (655, 'Ife East', 14),
        (656, 'Ife North', 14),
        (657, 'Ife South', 14),
        (658, 'Egbedore', 14),
        (659, 'Ejigbo', 14),
        (660, 'Ifedayo', 14),
        (661, 'Ifelodun', 14),
        (662, 'Ila', 14),
        (663, 'Ilesa East', 14),
        (664, 'Ilesa West', 14),
        (665, 'Irepodun', 14),
        (666, 'Irewole', 14),
        (667, 'Isokan', 14),
        (668, 'Iwo', 14),
        (669, 'Obokun', 14),
        (670, 'Odo Otin', 14),
        (671, 'Ola Oluwa', 14),
        (672, 'Olorunda', 14),
        (673, 'Oriade', 14),
        (674, 'Orolu', 14),
        (675, 'Osogbo', 14),
        (676, 'Afijio', 17),
        (677, 'Akinyele', 17),
        (678, 'Atiba', 17),
        (679, 'Atisbo', 17),
        (680, 'Egbeda', 17),
        (681, 'Ibadan North', 17),
        (682, 'Ibadan North-East', 17),
        (683, 'Ibadan North-West', 17),
        (684, 'Ibadan South-East', 17),
        (685, 'Ibadan South-West', 17),
        (686, 'Ibarapa Central', 17),
        (687, 'Ibarapa East', 17),
        (688, 'Ibarapa North', 17),
        (689, 'Ido', 17),
        (690, 'Irepo', 17),
        (691, 'Iseyin', 17),
        (692, 'Itesiwaju', 17),
        (693, 'Iwajowa', 17),
        (694, 'Kajola', 17),
        (695, 'Lagelu', 17),
        (696, 'Ogbomosho North', 17),
        (697, 'Ogbomosho South', 17),
        (698, 'Ogo Oluwa', 17),
        (699, 'Olorunsogo', 17),
        (700, 'Oluyole', 17),
        (701, 'Ona Ara', 17),
        (702, 'Orelope', 17),
        (703, 'Ori Ire', 17),
        (704, 'Oyo', 17),
        (705, 'Oyo East', 17),
        (706, 'Saki East', 17),
        (707, 'Saki West', 17),
        (708, 'Surulere', 17),
        (709, 'Bokkos', 25),
        (710, 'Barkin Ladi', 25),
        (711, 'Bassa', 25),
        (712, 'Jos East', 25),
        (713, 'Jos North', 25),
        (714, 'Jos South', 25),
        (715, 'Kanam', 25),
        (716, 'Kanke', 25),
        (717, 'Langtang South', 25),
        (718, 'Langtang North', 25),
        (719, 'Mangu', 25),
        (720, 'Mikang', 25),
        (721, 'Pankshin', 25),
        (722, 'Qua an Pan', 25),
        (723, 'Riyom', 25),
        (724, 'Shendam', 25),
        (725, 'Wase', 25),
        (726, 'Binji', 36),
        (727, 'Bodinga', 36),
        (728, 'Dange Shuni', 36),
        (729, 'Gada', 36),
        (730, 'Goronyo', 36),
        (731, 'Gudu', 36),
        (732, 'Gwadabawa', 36),
        (733, 'Illela', 36),
        (734, 'Isa', 36),
        (735, 'Kebbe', 36),
        (736, 'Kware', 36),
        (737, 'Rabah', 36),
        (738, 'Sabon Birni', 36),
        (739, 'Shagari', 36),
        (740, 'Silame', 36),
        (741, 'Sokoto North', 36),
        (742, 'Sokoto South', 36),
        (743, 'Tambuwal', 36),
        (744, 'Tangaza', 36),
        (745, 'Tureta', 36),
        (746, 'Wamako', 36),
        (747, 'Wurno', 36),
        (748, 'Yabo', 36),
        (749, 'Ardo Kola', 24),
        (750, 'Bali', 24),
        (751, 'Donga', 24),
        (752, 'Gashaka', 24),
        (753, 'Gassol', 24),
        (754, 'Ibi', 24),
        (755, 'Jalingo', 24),
        (756, 'Karim Lamido', 24),
        (757, 'Kumi', 24),
        (758, 'Lau', 24),
        (759, 'Sardauna', 24),
        (760, 'Takum', 24),
        (761, 'Ussa', 24),
        (762, 'Wukari', 24),
        (763, 'Yorro', 24),
        (764, 'Zing', 24),
        (765, 'Bade', 33),
        (766, 'Bursari', 33),
        (767, 'Damaturu', 33),
        (768, 'Fika', 33),
        (769, 'Fune', 33),
        (770, 'Geidam', 33),
        (771, 'Gujba', 33),
        (772, 'Gulani', 33),
        (773, 'Jakusko', 33),
        (774, 'Karasuwa', 33),
        (775, 'Machina', 33),
        (776, 'Nangere', 33),
        (777, 'Nguru', 33),
        (778, 'Potiskum', 33),
        (779, 'Tarmuwa', 33),
        (780, 'Yunusari', 33),
        (781, 'Yusufari', 33),
        (782, 'Anka', 37),
        (783, 'Bakura', 37),
        (784, 'Birnin Magaji Kiyaw', 37),
        (785, 'Bukkuyum', 37),
        (786, 'Bungudu', 37),
        (787, 'Gummi', 37),
        (788, 'Gusau', 37),
        (789, 'Kaura Namoda', 37),
        (790, 'Maradun', 37),
        (791, 'Maru', 37),
        (792, 'Shinkafi', 37),
        (793, 'Talata Mafara', 37),
        (794, 'Chafe', 37),
        (795, 'Zurmi', 37)
ON CONFLICT DO NOTHING;


INSERT INTO public.locker_category (name) VALUES
	 ('Small'),
	 ('Medium'),
	 ('Large')
	 ON CONFLICT DO NOTHING;

 INSERT INTO public.locker (description,dimensions,status,name,price,price_description,promo_offer,quantity,category_id,lga_id) VALUES
     ('Large H300 * W560 * D620mm','H300 * W560 * D620mm','AVAILABLE','Ikeja Locker 1',900.0,'N900 per Item/mo N15,000 XX no of orders Online only price','1N for First Rent',5.0,3,560),
     ('Medium H300 * W500 * D600mm','H300 * W500 * D600mm','AVAILABLE','Lagos Island Locker 1',650.0,'N650 per Item/mo N15,000 XX no of orders Online only price','1N for First Rent',5.0,2,563),
     ('Medium H300 * W500 * D600mm','H300 * W500 * D600mm','AVAILABLE','Lagos Island Locker 1',650.0,'N650 per Item/mo N15,000 XX no of orders Online only price','1N for First Rent',5.0,2,563),
     ('Medium H300 * W500 * D600mm','H300 * W500 * D600mm','AVAILABLE','Lagos Island Locker 1',650.0,'N650 per Item/mo N15,000 XX no of orders Online only price','1N for First Rent',5.0,2,563),
     ('Medium H300 * W500 * D600mm','H300 * W500 * D600mm','AVAILABLE','Lagos Island Locker 1',650.0,'N650 per Item/mo N15,000 XX no of orders Online only price','1N for First Rent',5.0,2,563),
     ('Large H300 * W560 * D620mm','H300 * W560 * D620mm','AVAILABLE','Ikeja Locker 2',900.0,'N900 per Item/mo N15,000 XX no of orders Online only price','1N for First Rent',5.0,3,560),
     ('Large H300 * W560 * D620mm','H300 * W560 * D620mm','AVAILABLE','Ikeja Locker 3',900.0,'N900 per Item/mo N15,000 XX no of orders Online only price','1N for First Rent',5.0,3,560),
     ('Large H300 * W560 * D620mm','H300 * W560 * D620mm','AVAILABLE','Ikeja Locker 4',900.0,'N900 per Item/mo N15,000 XX no of orders Online only price','1N for First Rent',5.0,3,560),
     ('Large H300 * W560 * D620mm','H300 * W560 * D620mm','AVAILABLE','Ikeja Locker 5',900.0,'N900 per Item/mo N15,000 XX no of orders Online only price','1N for First Rent',5.0,3,560),
     ('Large H300 * W560 * D620mm','H300 * W560 * D620mm','AVAILABLE','Ikeja Locker 6',900.0,'N900 per Item/mo N15,000 XX no of orders Online only price','1N for First Rent',5.0,3,560)ON CONFLICT DO NOTHING;
 INSERT INTO public.locker (description,dimensions,status,name,price,price_description,promo_offer,quantity,category_id,lga_id) VALUES
     ('Medium H300 * W500 * D600mm','H300 * W500 * D600mm','AVAILABLE','Lagos Island Locker 4',650.0,'N650 per Item/mo N15,000 XX no of orders Online only price','1N for First Rent',5.0,2,564),
     ('Medium H300 * W500 * D600mm','H300 * W500 * D600mm','AVAILABLE','Lagos Mainland Locker 1',650.0,'N650 per Item/mo N15,000 XX no of orders Online only price','1N for First Rent',5.0,2,564),
     ('Medium H300 * W500 * D600mm','H300 * W500 * D600mm','AVAILABLE','Lagos Island Locker 3',650.0,'N650 per Item/mo N15,000 XX no of orders Online only price','1N for First Rent',5.0,2,563),
     ('Small H295 * W460 * D520mm','H295 * W460 * D520mm','AVAILABLE','Lagos Mainland Locker 7',450.0,'N450 per Item/mo N15,000 XX no of orders Online only price','1N for First Rent',4.0,1,564),
     ('Medium H300 * W500 * D600mm','H300 * W500 * D600mm','AVAILABLE','Lagos Island Locker 5',650.0,'N650 per Item/mo N15,000 XX no of orders Online only price','1N for First Rent',5.0,2,563),
     ('Medium H300 * W500 * D600mm','H300 * W500 * D600mm','AVAILABLE','Lagos Island Locker 6',650.0,'N650 per Item/mo N15,000 XX no of orders Online only price','1N for First Rent',5.0,2,563),
     ('Medium H300 * W500 * D600mm','H300 * W500 * D600mm','AVAILABLE','Lagos Island Locker 7',650.0,'N650 per Item/mo N15,000 XX no of orders Online only price','1N for First Rent',5.0,2,563),
     ('Small H295 * W460 * D520mm','H295 * W460 * D520mm','AVAILABLE','Lagos Mainland Locker 8',450.0,'N450 per Item/mo N15,000 XX no of orders Online only price','1N for First Rent',4.0,1,564),
     ('Small H295 * W460 * D520mm','H295 * W460 * D520mm','AVAILABLE','Lagos Mainland Locker 2',450.0,'N450 per Item/mo N15,000 XX no of orders Online only price','1N for First Rent',4.0,1,564),
     ('Small H295 * W460 * D520mm','H295 * W460 * D520mm','AVAILABLE','Lagos Mainland Locker 3',450.0,'N450 per Item/mo N15,000 XX no of orders Online only price','1N for First Rent',4.0,1,564)ON CONFLICT DO NOTHING;
 INSERT INTO public.locker (description,dimensions,status,name,price,price_description,promo_offer,quantity,category_id,lga_id) VALUES
     ('Small H295 * W460 * D520mm','H295 * W460 * D520mm','AVAILABLE','Lagos Mainland Locker 4',450.0,'N450 per Item/mo N15,000 XX no of orders Online only price','1N for First Rent',4.0,1,564),
     ('Small H295 * W460 * D520mm','H295 * W460 * D520mm','AVAILABLE','Lagos Mainland Locker 5',450.0,'N450 per Item/mo N15,000 XX no of orders Online only price','1N for First Rent',4.0,1,564),
     ('Small H295 * W460 * D520mm','H295 * W460 * D520mm','AVAILABLE','Lagos Mainland Locker 6',450.0,'N450 per Item/mo N15,000 XX no of orders Online only price','1N for First Rent',4.0,1,564),
     ('Small H295 * W460 * D520mm','H295 * W460 * D520mm','AVAILABLE','Lekki Locker 1',450.0,'N450 per Item/mo N15,000 XX no of orders Online only price','1N for First Rent',5.0,1,558),
     ('Small H295 * W460 * D520mm','H295 * W460 * D520mm','AVAILABLE','Lekki Locker 2',450.0,'N450 per Item/mo N15,000 XX no of orders Online only price','1N for First Rent',5.0,1,558) ON CONFLICT DO NOTHING;